Car_ID,Brand,Model,Body_Type,Variant,Drive_Train,Engine,Horsepower,Transmission,Fuel_Type,Ground_Clearance,Cargo_space,Seating_Capacity,Year,Price,Link
1,Toyota,Vios,Sedan,1.3 J MT,FWD,1.3L ; In-line 4,98,5-Speed ; Manual,Gasoline,13.3,326,5,2025,732000,https://toyota.com.ph/vios
2,Toyota,Vios,Sedan,1.3 XE CVT,FWD,1.3L ; In-line 4,98,CVT,Gasoline,13.3,326,5,2025,774000,https://toyota.com.ph/vios
3,Toyota,Vios,Sedan,1.3 XLE MT,FWD,1.3L ; In-line 4,98,5-Speed ; Manual,Gasoline,13.3,326,5,2025,862000,https://toyota.com.ph/vios
4,Toyota,Vios,Sedan,1.3 XLE CVT,FWD,1.3L ; In-line 4,98,CVT,Gasoline,13.3,326,5,2025,902000,https://toyota.com.ph/vios
5,Toyota,Vios,Sedan,1.5 G MT,FWD,1.5L ; In-line 4,106,5-Speed ; Manual,Gasoline,13.3,326,5,2025,979000,https://toyota.com.ph/vios
6,Toyota,Vios,Sedan,1.5 G CVT,FWD,1.5L ; In-line 4,106,CVT,Gasoline,13.3,326,5,2025,1039000,https://toyota.com.ph/vios
7,Toyota,Hilux,Truck,2.4 2WD M/T,2WD,2.4L ; 4 Cylinder,148,5-Speed ; Manual,Diesel,27.9,435,3,2025,885000,https://toyota.com.ph/hilux
8,Toyota,Hilux,Truck,2.4 J DSL 2WD M/T,2WD,2.4L ; 4 Cylinder,148,5-Speed ; Manual,Diesel,27.9,435,5,2025,995000,https://toyota.com.ph/hilux
9,Toyota,Hilux,Truck,2.4L 2WD Cargo M/T,2WD,2.4L ; 4 Cylinder,148,5-Speed ; Manual,Diesel,27.9,435,3,2025,1001000,https://toyota.com.ph/hilux
10,Toyota,Hilux,Truck,2.4L J 4WD M/T,2WD,2.4L ; 4 Cylinder,148,5-Speed ; Manual,Diesel,27.9,435,3,2025,1124000,https://toyota.com.ph/hilux
11,Toyota,Hilux,Truck,2.4L J 4WD M/T,4WD,2.4L ; 4 Cylinder,148,6-Speed ; Manual,Diesel,27.9,435,5,2025,1195000,https://toyota.com.ph/hilux
12,Toyota,Hilux,Truck,2.4 E DSL 2WD M/T,2WD,2.4L ; 4 Cylinder,148,6-Speed ; Manual,Diesel,27.9,435,5,2025,1312000,https://toyota.com.ph/hilux
13,Toyota,Hilux,Truck,2.4 G DSL 2WD M/T,2WD,2.4L ; 4 Cylinder,148,6-Speed ; Manual,Diesel,27.9,435,5,2025,1390000,https://toyota.com.ph/hilux
14,Toyota,Hilux,Truck,2.4 E 2WD A/T,2WD,2.4L ; 4 Cylinder,148,6-Speed ; Automatic,Diesel,27.9,435,5,2025,1392000,https://toyota.com.ph/hilux
15,Toyota,Hilux,Truck,2.4 G DSL 2WD A/T,2WD,2.4L ; 4 Cylinder,148,6-Speed ; Automatic,Diesel,27.9,435,5,2025,1466000,https://toyota.com.ph/hilux
16,Toyota,Hilux,Truck,2.8 4WD M/T,4WD,2.8L ; 4 Cylinder,201,6-Speed ; Manual,Diesel,27.9,435,5,2025,1675000,https://toyota.com.ph/hilux
17,Toyota,Hilux,Truck,2.8 4WD A/T,4WD,2.8L ; 4 Cylinder,201,6-Speed ; Automatic,Diesel,27.9,435,5,2025,2078000,https://toyota.com.ph/hilux
18,Toyota,Hilux,Truck,GR Sport,4WD,2.8L ; 4 Cylinder,201,6-Speed ; Automatic,Diesel,27.9,435,5,2025,2172000,https://toyota.com.ph/hilux
19,Toyota,Raize,Crossover,1.2 E M/T,FWD,1.2L ; In-line 3,87,5-Speed ; Manual,Gasoline,20,369,5,2025,751000,https://toyota.com.ph/raize
20,Toyota,Raize,Crossover,1.2 E CVT,FWD,1.2L ; In-line 3,87,CVT,Gasoline,20,369,5,2025,841000,https://toyota.com.ph/raize
21,Toyota,Raize,Crossover,1.2 G CVT,FWD,1.2L ; In-line 3,87,CVT,Gasoline,20,369,5,2025,936000,https://toyota.com.ph/raize
22,Toyota,Raize,Crossover,1.0 Turbo CVT,FWD,1.0L ; In-line 3,97,CVT,Gasoline,20,369,5,2025,1063000,https://toyota.com.ph/raize
23,Toyota,Wigo,Hatchback,1.0 J M/T,FWD,1.0L ; In-line 3,65,5-Speed ; Manual,Gasoline,16,200,5,2025,609000,https://toyota.com.ph/wigo
24,Toyota,Wigo,Hatchback,1.0 E CVT,FWD,1.0L ; In-line 3,65,CVT,Gasoline,16,200,5,2025,684000,https://toyota.com.ph/wigo
25,Toyota,Wigo,Hatchback,1.0 G CVT,FWD,1.0L ; In-line 3,65,CVT,Gasoline,16,200,5,2025,729000,https://toyota.com.ph/wigo
26,Toyota,Fortuner,SUV,2.4 G 2WD M/T,2WD,2.4L ; In-line 4,148,6-Speed ; Manual,Diesel,19.3,200,7,2025,1769000,https://toyota.com.ph/fortuner
27,Toyota,Fortuner,SUV,2.4 G 2WD A/T,2WD,2.4L ; In-line 4,148,6-Speed ; Automatic,Diesel,19.3,200,7,2025,1861000,https://toyota.com.ph/fortuner
28,Toyota,Fortuner,SUV,2.4 V 2WD A/T,2WD,2.4L ; In-line 4,148,6-Speed ; Automatic,Diesel,19.3,200,7,2025,1994000,https://toyota.com.ph/fortuner
29,Toyota,Fortuner,SUV,2.8L Q 2WD A/T,2WD,2.8L ; In-line 4,201,6-Speed ; Automatic,Diesel,19.3,200,7,2025,2194000,https://toyota.com.ph/fortuner
30,Toyota,Fortuner,SUV,2.8 L LTD 2WD A/T,2WD,2.8L ; In-line 4,201,6-Speed ; Automatic,Diesel,19.3,200,7,2025,2390000,https://toyota.com.ph/fortuner
31,Toyota,Fortuner,SUV,2.8L LTD 4WD A/T,4WD,2.8L ; In-line 4,201,6-Speed ; Automatic,Diesel,19.3,200,7,2025,2553000,https://toyota.com.ph/fortuner
32,Toyota,Fortuner,SUV,GR Sport,4WD,2.8L ; In-line 4,201,6-Speed ; Automatic,Diesel,19.3,200,7,2025,2650000,https://toyota.com.ph/fortuner
33,Toyota,Innova,MPV,2.8 J M/T,RWD,2.8L ; 4 Cylinder,168,5-Speed ; Manual,Diesel,17.8,300,8,2025,1261000,https://toyota.com.ph/innova
34,Toyota,Innova,MPV,2.8 XE A/T,RWD,2.8L ; 4 Cylinder,172,6-Speed ; Automatic,Diesel,17.8,300,8,2025,1375000,https://toyota.com.ph/innova
35,Toyota,Innova,MPV,2.8 E A/T,RWD,2.8L ; 4 Cylinder,172,6-Speed ; Automatic,Diesel,17.8,300,8,2025,1529000,https://toyota.com.ph/innova
36,Toyota,Innova,MPV,2.8 G M/T,RWD,2.8L ; 4 Cylinder,168,5-Speed ; Manual,Diesel,17.8,300,8,2025,1598000,https://toyota.com.ph/innova
37,Toyota,Innova,MPV,2.8 G A/T,RWD,2.8L ; 4 Cylinder,172,6-Speed ; Automatic,Diesel,17.8,300,8,2025,1668000,https://toyota.com.ph/innova
38,Toyota,Innova,MPV,2.8 V A/T,RWD,2.8L ; 4 Cylinder,172,6-Speed ; Automatic,Diesel,17.8,300,8,2025,1808000,https://toyota.com.ph/innova
39,Toyota,Veloz,SUV,1.5L LE,FWD,1.5L ; In-line 4,105,CVT,Gasoline,19,539,7,2025,1098000,https://toyota.com.ph/veloz
40,Toyota,Veloz,SUV,1.5L G,FWD,1.5L ; In-line 4,105,CVT,Gasoline,19,539,7,2025,1216000,https://toyota.com.ph/veloz
41,Toyota,Veloz,SUV,1.5L V,FWD,1.5L ; In-line 4,105,CVT,Gasoline,19,539,7,2025,1256000,https://toyota.com.ph/veloz
42,Toyota,Hiace,Van,Commuter Cargo,2WD,3.0L ; 4 Cylinder,134,5-Speed ; Manual,Diesel,17.5,6200,3,2025,1189000,https://www.zigwheels.ph/new-cars/toyota/hiace/commuter-cargo
43,Toyota,Hiace,Van,3.0 Commuter M/T,2WD,3.0L ; 4 Cylinder,134,5-Speed ; Manual,Diesel,17.5,6000,15,2025,1390000,https://www.autodeal.com.ph/cars/toyota/hiace/commuter-3-0-mt
44,Toyota,Hiace,Van,Commuter Deluxe,2WD,2.8L ; In-line 4,174,6-Speed ; Manual,Diesel,17.5,6000,15,2025,1851000,https://toyota.com.ph/commuter-deluxe
45,Toyota,Hiace,Van,GL Grandia M/T,2WD,2.8L ; In-line 4,174,6-Speed ; Manual,Diesel,17.5,5500,12,2025,2284000,https://toyota.com.ph/gl-grandia
46,Toyota,Hiace,Van,GL Grandia A/T,2WD,2.8L ; In-line 4,174,6-Speed ; Automatic,Diesel,17.5,5500,12,2025,2360000,https://toyota.com.ph/gl-grandia
47,Toyota,Hiace,Van,GL Grandia Tourer A/T,2WD,2.8L ; In-line 4,161,6-Speed ; Automatic,Diesel,17.5,6800,14,2025,2521000,https://toyota.com.ph/grandia-tourer
48,Toyota,Hiace,Van,2.8L A/T (Leather),2WD,2.8L ; In-line 4,174,6-Speed ; Automatic,Diesel,17.5,5500,10,2025,2900000,https://toyota.com.ph/super-grandia
49,Toyota,Hiace,Van,Super Grandia Elite A/T,2WD,2.8L ; In-line 4,174,6-Speed ; Automatic,Diesel,17.5,5500,10,2025,3291000,https://toyota.com.ph/super-grandia
50,Toyota,Yaris,Crossover,1.5L G CVT,FWD,1.5L; In-line 4 Cylinder,105,CVT,Gasoline,21.2,397,5,2025,1500000,https://toyota.com.ph/yaris-cross?gad_source=1&gad_campaignid=22591899563&gbraid=0AAAAAChc3g8tF3fY87XsAWvwU1gheg9J9&gclid=Cj0KCQjwmqPDBhCAARIsADorxIYe6j1Zhw8yn_L2OMIFHWRBLNqYUqj2Ae1y0twFybmPssadDWwP1J0aAlqZEALw_wcB
51,Toyota,Yaris,Crossover,1.5L V CVT,FWD,1.5L; In-line 4 Cylinder,105,CVT,Gasoline,21.2,397,5,2025,1308000,https://toyota.com.ph/yaris-cross?gad_source=1&gad_campaignid=22591899563&gbraid=0AAAAAChc3g8tF3fY87XsAWvwU1gheg9J9&gclid=Cj0KCQjwmqPDBhCAARIsADorxIYe6j1Zhw8yn_L2OMIFHWRBLNqYUqj2Ae1y0twFybmPssadDWwP1J0aAlqZEALw_wcB
52,Toyota,Yaris,Crossover,1.5L S HEV,FWD,1.5L; In-line 4 Cylinder,90,CVT,Hybrid; Gasoline,21.2,397,5,2025,1610000,https://toyota.com.ph/yaris-cross?gad_source=1&gad_campaignid=22591899563&gbraid=0AAAAAChc3g8tF3fY87XsAWvwU1gheg9J9&gclid=Cj0KCQjwmqPDBhCAARIsADorxIYe6j1Zhw8yn_L2OMIFHWRBLNqYUqj2Ae1y0twFybmPssadDWwP1J0aAlqZEALw_wcB
53,Toyota,Corolla Cross,Crossover,1.8 G HEV,FWD,1.8L; In-line 4,97,E-CVT,Hybrid; Gasoline,16.1,680,5,2025,1514000,https://toyota.com.ph/corolla-cross
54,Toyota,Corolla Cross,Crossover,1.8 V HEV,FWD,1.8L; In-line 4,97,E-CVT,Hybrid; Gasoline,16.1,680,5,2025,1789000,https://toyota.com.ph/corolla-cross
55,Toyota,Corolla Cross,Crossover,1.8 GR-S HEV,FWD,1.8L; In-line 4,97,E-CVT,Hybrid; Gasoline,16.1,680,5,2025,1943000,https://toyota.com.ph/corolla-cross
56,Mitsubishi,Mirage G4,Sedan,GLX M/T,FWD,1.2L ; In-line 3,78,5-Speed ; Manual,Gasoline,17,450,5,2025,769000,https://www.mitsubishi-motors.com.ph/customer-tools/configure/configurator?vehicle=ykjst8lqzbjord0abnp5&year=2026
57,Mitsubishi,Mirage G4,Sedan,GLX CVT,FWD,1.2L ; In-line 3,78,CVT,Gasoline,17,450,5,2025,819000,https://www.mitsubishi-motors.com.ph/customer-tools/configure/configurator?vehicle=ykjst8lqzbjord0abnp5&year=2027
58,Mitsubishi,Mirage G4,Sedan,GLS CVT,FWD,1.2L ; In-line 3,78,CVT,Gasoline,17,450,5,2025,899000,https://www.mitsubishi-motors.com.ph/customer-tools/configure/configurator?vehicle=ykjst8lqzbjord0abnp5&year=2028
59,Mitsubishi,Mirage G4,Sedan,GLS Black Series,FWD,1.2L ; In-line 3,78,CVT,Gasoline,17,450,5,2025,909000,https://www.mitsubishi-motors.com.ph/customer-tools/configure/configurator?vehicle=ykjst8lqzbjord0abnp5&year=2029
60,Mitsubishi,Mirage G4,Sedan,GLS Sport,FWD,1.2L ; In-line 3,78,CVT,Gasoline,17,450,5,2025,929000,https://www.mitsubishi-motors.com.ph/customer-tools/configure/configurator?vehicle=ykjst8lqzbjord0abnp5&year=2030
61,Mitsubishi,Xpander,MPV,GLX M/T,FWD,1.5L ; In-line 4,103,5-Speed ; Manual,Gasoline,22.5,"1,630",7,2025,1068000,https://www.mitsubishi-motors.com.ph/customer-tools/configure/configurator?vehicle=jy8l20d1daix4ta9els70b&year=2025
62,Mitsubishi,Xpander,MPV,GLX A/T,FWD,1.5L ; In-line 4,103,4-Speed ; Automatic,Gasoline,22.5,"1,630",7,2025,1128000,https://www.mitsubishi-motors.com.ph/customer-tools/configure/configurator?vehicle=jy8l20d1daix4ta9els70b&year=2026
63,Mitsubishi,Xpander,MPV,GLS A/T,FWD,1.5L ; In-line 4,103,4-Speed ; Automatic,Gasoline,22.5,"1,630",7,2025,1216000,https://www.mitsubishi-motors.com.ph/customer-tools/configure/configurator?vehicle=jy8l20d1daix4ta9els70b&year=2027
64,Mitsubishi,Montero Sport,SUV,GLX M/T,2WD,2.4L; 4 Cylinde 16 Valve,179,6-Speed ; Manual,Diesel,21.8,502,7,2025,1568000,https://www.mitsubishi-motors.com.ph/customer-tools/configure/configurator?vehicle=94y6pjmgegojtwhtjezx9&year=2025
65,Mitsubishi,Montero Sport,SUV,GLS A/T,2WD,2.4L; 4 Cylinde 16 Valve,179,8-Speed; Automatic,Diesel,21.8,502,7,2025,1899000,https://www.mitsubishi-motors.com.ph/customer-tools/configure/configurator?vehicle=94y6pjmgegojtwhtjezx9&year=2026
66,Mitsubishi,Montero Sport,SUV,Black 2WD Series 8A/T,2WD,2.4L; 4 Cylinde 16 Valve,179,8-Speed; Automatic,Diesel,21.8,502,7,2025,2162000,https://www.mitsubishi-motors.com.ph/customer-tools/configure/configurator?vehicle=94y6pjmgegojtwhtjezx9&year=2027
67,Mitsubishi,Montero Sport,SUV,Black 4WD Series 8A/T,4WD,2.4L; 4 Cylinde 16 Valve,179,8-Speed; Automatic,Diesel,21.8,502,7,2025,2502000,https://www.mitsubishi-motors.com.ph/customer-tools/configure/configurator?vehicle=94y6pjmgegojtwhtjezx9&year=2028
68,Mitsubishi,Triton,Truck,GL 2WD MT,2WD,2.4L; In-line 4 Cylinder,180,6-Speed; Manual,Diesel,22.2,2340,5,2025,1134000,https://www.mitsubishi-motors.com.ph/customer-tools/configure/configurator?vehicle=v69hp7xnpiw593ff5ff6zp&year=2024
69,Mitsubishi,Triton,Truck,GL 4WD MT,4WD,2.4L; In-line 4 Cylinder,180,6-Speed; Manual,Diesel,22.2,2340,5,2025,1157000,https://www.mitsubishi-motors.com.ph/customer-tools/configure/configurator?vehicle=v69hp7xnpiw593ff5ff6zp&year=2025
70,Mitsubishi,Triton,Truck,GLX 2WD MT,2WD,2.4L; In-line 4 Cylinder,180,6-Speed; Manual,Diesel,22.2,2340,5,2025,1311000,https://www.mitsubishi-motors.com.ph/customer-tools/configure/configurator?vehicle=v69hp7xnpiw593ff5ff6zp&year=2026
71,Mitsubishi,Triton,Truck,GLX 2WD AT,2WD,2.4L; In-line 4 Cylinder,180,6-Speed; Automatic,Diesel,22.2,2340,5,2025,1383000,https://www.mitsubishi-motors.com.ph/customer-tools/configure/configurator?vehicle=v69hp7xnpiw593ff5ff6zp&year=2027
72,Mitsubishi,Triton,Truck,GLX 4WD MT,4WD,2.4L; In-line 4 Cylinder,180,6-Speed; Manual,Diesel,22.2,2340,5,2025,1561000,https://www.mitsubishi-motors.com.ph/customer-tools/configure/configurator?vehicle=v69hp7xnpiw593ff5ff6zp&year=2028
73,Mitsubishi,Triton,Truck,GLS 2WD AT,2WD,2.4L; In-line 4 Cylinder,180,6-Speed; Automatic,Diesel,22.2,2340,5,2025,1582000,https://www.mitsubishi-motors.com.ph/customer-tools/configure/configurator?vehicle=v69hp7xnpiw593ff5ff6zp&year=2029
74,Mitsubishi,Triton,Truck,Athlete 4WD AT,4WD,2.4L; In-line 4 Cylinder,180,6-Speed; Automatic,Diesel,22.2,2340,5,2025,1909000,https://www.mitsubishi-motors.com.ph/customer-tools/configure/configurator?vehicle=v69hp7xnpiw593ff5ff6zp&year=2030
75,Mitsubishi,L300,Van,Exceed 2.2 Diesel,,2.2L; In-line 4 Cylinder,98,5-Speed ; Manual,Diesel,19.5,1145,3,2025,825000,https://www.mitsubishi-motors.com.ph/cars/l300
76,Honda,City,Sedan,1.5 E CVT,FWD,1.5L; In-line 4 Cylinder,119,CVT,Gasoline,13.4,519,5,2023,973000,https://www.hondaphil.com/model/city
77,Honda,City,Sedan,1.5 S CVT,FWD,1.5L; In-line 4 Cylinder,119,CVT,Gasoline,13.4,519,5,2023,998000,https://www.hondaphil.com/model/city
78,Honda,City,Sedan,1.5 V CVT,FWD,1.5L; In-line 4 Cylinder,119,CVT,Gasoline,13.4,519,5,2023,1075000,https://www.hondaphil.com/model/city
79,Honda,City,Sedan,1.5 RS CVT,FWD,1.5L; In-line 4 Cylinder,119,CVT,Gasoline,13.4,519,5,2023,1130000,https://www.hondaphil.com/model/city
80,Honda,City,Hatchback,1.5 RS CVT,FWD,1.5L; In-line 4 Cylinder,119,CVT,Gasoline,13.4,289,5,2023,1153000,https://www.hondaphil.com/model/city-hatchback
81,Honda,City,Sedan,1.5 E CVT,FWD,1.5L; In-line 4 Cylinder,119,CVT,Gasoline,13.4,519,5,2024,973000,https://www.hondaphil.com/model/city
82,Honda,City,Sedan,1.5 S CVT,FWD,1.5L; In-line 4 Cylinder,119,CVT,Gasoline,13.4,519,5,2024,998000,https://www.hondaphil.com/model/city
83,Honda,City,Sedan,1.5 V CVT,FWD,1.5L; In-line 4 Cylinder,119,CVT,Gasoline,13.4,519,5,2024,1073000,https://www.hondaphil.com/model/city
84,Honda,City,Sedan,1.5 RS CVT,FWD,1.5L; In-line 4 Cylinder,119,CVT,Gasoline,13.4,519,5,2024,1128000,https://www.hondaphil.com/model/city
85,Honda,City,Hatchback,1.5 RS CVT,FWD,1.5L; In-line 4 Cylinder,119,CVT,Gasoline,13.4,289,5,2024,1189000,https://www.hondaphil.com/model/city
86,Honda,City,Sedan,1.5 E CVT,FWD,1.5L; In-line 4 Cylinder,119,CVT,Gasoline,13.4,519,5,2025,973000,https://www.hondaphil.com/model/city
87,Honda,City,Sedan,1.5 S CVT,FWD,1.5L; In-line 4 Cylinder,119,CVT,Gasoline,13.4,519,5,2025,998000,https://www.hondaphil.com/model/city
88,Honda,City,Sedan,1.5 V CVT,FWD,1.5L; In-line 4 Cylinder,119,CVT,Gasoline,13.4,519,5,2025,1073000,https://www.hondaphil.com/model/city
89,Honda,City,Sedan,1.5 RS CVT,FWD,1.5L; In-line 4 Cylinder,119,CVT,Gasoline,13.4,519,5,2025,1128000,https://www.hondaphil.com/model/city
90,Honda,City,Hatchback,1.5 RS CVT,FWD,1.5L; In-line 4 Cylinder,119,CVT,Gasoline,13.4,289,5,2025,1189000,https://www.hondaphil.com/model/city
91,Honda,Brio,Hatchback,1.2L S MT,FWD,1.2L; In-line 4,89,5-Speed ; Manual,Gasoline,13.7,258,5,2023,650000,https://www.hondaphil.com/model/brio
92,Honda,Brio,Hatchback,1.2L V CVT,FWD,1.2L; In-line 4,89,CVT,Gasoline,13.7,258,5,2023,808000,https://www.hondaphil.com/model/brio
93,Honda,Brio,Hatchback,1.2L RS CVT,FWD,1.2L; In-line 4,89,CVT,Gasoline,13.7,258,5,2023,853000,https://www.hondaphil.com/model/brio
94,Honda,Brio,Hatchback,1.2L RS CVT Black Top,FWD,1.2L; In-line 4,89,CVT,Gasoline,13.7,258,5,2023,863000,https://www.hondaphil.com/model/brio
95,Honda,Brio,Hatchback,1.2L S MT,FWD,1.2L; In-line 4,89,5-Speed ; Manual,Gasoline,13.7,258,5,2024,735000,https://www.hondaphil.com/model/brio
96,Honda,Brio,Hatchback,1.2L V CVT,FWD,1.2L; In-line 4,89,CVT,Gasoline,13.7,258,5,2024,827000,https://www.hondaphil.com/model/brio
97,Honda,Brio,Hatchback,1.2L RS CVT,FWD,1.2L; In-line 4,89,CVT,Gasoline,13.7,258,5,2024,853000,https://www.hondaphil.com/model/brio
98,Honda,Brio,Hatchback,1.2L RS CVT Black Top,FWD,1.2L; In-line 4,89,CVT,Gasoline,13.7,258,5,2024,863000,https://www.hondaphil.com/model/brio
99,Honda,Brio,Hatchback,1.2L S MT,FWD,1.2L; In-line 4,89,5-Speed ; Manual,Gasoline,13.7,258,5,2025,735000,https://www.hondaphil.com/model/brio
100,Honda,Brio,Hatchback,1.2L V CVT,FWD,1.2L; In-line 4,89,CVT,Gasoline,13.7,258,5,2025,827000,https://www.hondaphil.com/model/brio
101,Honda,Brio,Hatchback,1.2L RS CVT,FWD,1.2L; In-line 4,89,CVT,Gasoline,13.7,258,5,2025,853000,https://www.hondaphil.com/model/brio
102,Honda,Brio,Hatchback,1.2L RS CVT Black Top,FWD,1.2L; In-line 4,89,CVT,Gasoline,13.7,258,5,2025,863000,https://www.hondaphil.com/model/brio
103,Honda,BR-V,SUV,1.5L S MT,FWD,1.5L; In-line 4 Cylinder,119,6-Speed; Manual,Gasoline,20.7,207,7,2023,1100000,https://www.hondaphil.com/model/br-v
104,Honda,BR-V,SUV,1.5L S CVT,FWD,1.5L; In-line 4 Cylinder,119,CVT,Gasoline,20.7,207,7,2023,1190000,https://www.hondaphil.com/model/br-v
105,Honda,BR-V,SUV,1.5L V CVT,FWD,1.5L; In-line 4 Cylinder,119,CVT,Gasoline,20.7,207,7,2023,1300000,https://www.hondaphil.com/model/br-v
106,Honda,BR-V,SUV,1.5L VX CVT,FWD,1.5L; In-line 4 Cylinder,119,CVT,Gasoline,20.7,207,7,2023,1390000,https://www.hondaphil.com/model/br-v
107,Honda,BR-V,SUV,1.5L S MT,FWD,1.5L; In-line 4 Cylinder,119,6-Speed; Manual,Gasoline,20.7,570,7,2024,1090000,https://www.hondaphil.com/model/br-v
108,Honda,BR-V,SUV,1.5L S CVT,FWD,1.5L; In-line 4 Cylinder,119,CVT,Gasoline,20.7,570,7,2024,1150000,https://www.hondaphil.com/model/br-v
109,Honda,BR-V,SUV,1.5L V CVT,FWD,1.5L; In-line 4 Cylinder,119,CVT,Gasoline,20.7,570,7,2024,1295000,https://www.hondaphil.com/model/br-v
110,Honda,BR-V,SUV,1.5L VX CVT,FWD,1.5L; In-line 4 Cylinder,119,CVT,Gasoline,20.7,570,7,2024,1390000,https://www.hondaphil.com/model/br-v
111,Honda,BR-V,SUV,1.5L S MT,FWD,1.5L; In-line 4 Cylinder,119,6-Speed; Manual,Gasoline,20.7,570,7,2025,1090000,https://www.hondaphil.com/model/br-v
112,Honda,BR-V,SUV,1.5L S CVT,FWD,1.5L; In-line 4 Cylinder,119,CVT,Gasoline,20.7,570,7,2025,1150000,https://www.hondaphil.com/model/br-v
113,Honda,BR-V,SUV,1.5L V CVT,FWD,1.5L; In-line 4 Cylinder,119,CVT,Gasoline,20.7,570,7,2025,1295000,https://www.hondaphil.com/model/br-v
114,Honda,BR-V,SUV,1.5L VX CVT,FWD,1.5L; In-line 4 Cylinder,119,CVT,Gasoline,20.7,570,7,2025,1390000,https://www.hondaphil.com/model/br-v
115,Honda,CR-V,SUV,1.5 V Turbo CVT,FWD,1.5L; In-line 4 Cylinder,187,CVT,Gasoline,19.8,1064,7,2023,2100000,https://www.hondaphil.com/model/cr-v
116,Honda,CR-V,SUV,1.5 VX Turbo CVT,AWD,1.5L; In-line 4 Cylinder,187,CVT,Gasoline,20.8,1064,7,2023,2290000,https://www.hondaphil.com/model/cr-v
117,Honda,CR-V,SUV,RS eHEV,FWD,2-motor e:HEV Hybrid,146,E-CVT,Hybrid; Gasoline,19.8,1064,5,2023,2605000,https://www.hondaphil.com/model/cr-v
118,Honda,CR-V,SUV,1.5 V Turbo CVT,FWD,1.5L; In-line 4 Cylinder,187,CVT,Gasoline,19.8,1064,7,2024,2100000,https://www.hondaphil.com/model/cr-v
119,Honda,CR-V,SUV,1.5 VX Turbo CVT,AWD,1.5L; In-line 4 Cylinder,187,CVT,Gasoline,19.8,1064,7,2024,2280000,https://www.hondaphil.com/model/cr-v
120,Honda,CR-V,SUV,RS eHEV,FWD,2.0L; 4 Cylinder,144,E-CVT,Hybrid; Gasoline,20.8,1064,5,2024,2590000,https://www.hondaphil.com/model/cr-v
121,Honda,CR-V,SUV,1.5 V Turbo CVT,FWD,1.5L; In-line 4 Cylinder,187,CVT,Gasoline,19.8,1064,7,2025,2100000,https://www.hondaphil.com/model/cr-v
122,Honda,CR-V,SUV,1.5 VX Turbo CVT,AWD,1.5L; In-line 4 Cylinder,187,CVT,Gasoline,19.8,1064,7,2025,2280000,https://www.hondaphil.com/model/cr-v
123,Honda,CR-V,SUV,RS eHEV,FWD,2.0L; 4 Cylinder,181,E-CVT,Hybrid; Gasoline,19.8,1064,7,2025,2590000,https://www.hondaphil.com/model/cr-v
124,Honda,Civic,Sedan,V Turbo CVT,FWD,1.5L; In-line 4 Cylinder,176,CVT,Gasoline,13.4,519,5,2023,1600000,https://www.hondaphil.com/model/civic
125,Honda,Civic,Sedan,RS Turbo CVT,FWD,1.5L; In-line 4 Cylinder,176,CVT,Gasoline,13.4,519,5,2023,1790000,https://www.hondaphil.com/model/civic
126,Honda,Civic,Sedan,RS eHEV,FWD,1.5L; In-line 4 Cylinder,184,CVT,Hybrid; Gasoline,13.4,519,5,2023,1990000,https://www.hondaphil.com/model/civic
127,Honda,Civic,Sedan,V Turbo CVT,FWD,1.5L; In-line 4 Cylinder,176,CVT,Gasoline,13.4,519,5,2024,1583000,https://www.hondaphil.com/model/civic
128,Honda,Civic,Sedan,RS Turbo CVT,FWD,1.5L; In-line 4 Cylinder,176,CVT,Gasoline,13.4,519,5,2024,1775000,https://www.hondaphil.com/model/civic
129,Honda,Civic,Sedan,RS eHEV,FWD,1.5L; In-line 4 Cylinder,184,CVT,Hybrid; Gasoline,13.4,519,5,2024,1990000,https://www.hondaphil.com/model/civic
130,Honda,Civic,Sedan,V Turbo CVT,FWD,1.5L; In-line 4 Cylinder,176,CVT,Gasoline,13.4,519,5,2025,1583000,https://www.hondaphil.com/model/civic
131,Honda,Civic,Sedan,RS Turbo CVT,FWD,1.5L; In-line 4 Cylinder,176,CVT,Gasoline,13.4,519,5,2025,1775000,https://www.hondaphil.com/model/civic
132,Honda,Civic,Sedan,RS eHEV,FWD,1.5L; In-line 4 Cylinder,184,CVT,Hybrid; Gasoline,13.4,519,5,2025,1990000,https://www.hondaphil.com/model/civic
133,Ford,Ranger,Truck,2.0L Turbo XL 4WD MT,4WD,2.0L; 4 Cylinder,168,6-Speed; Manual,Diesel,23.5,1233,5,2025,1259000,https://www.ford.com.ph/showroom/trucks/ford-ranger/wildtrak/
134,Ford,Ranger,Truck,2.0L Turbo XLT 2WD AT,2WD,2.0L; 4 Cylinder,168,6-Speed; Automatic,Diesel,23.5,1233,5,2025,1389000,https://www.ford.com.ph/showroom/trucks/ford-ranger/wildtrak/
135,Ford,Ranger,Truck,2.0L Turbo Sport 2WD AT,2WD,2.0L; 4 Cylinder,168,6-Speed; Automatic,Diesel,23.5,1233,5,2025,1504000,https://www.ford.com.ph/showroom/trucks/ford-ranger/wildtrak/
136,Ford,Ranger,Truck,2.0L Turbo Wildtrak 2WD AT,2WD,2.0L; 4 Cylinder,168,6-Speed; Automatic,Diesel,23.5,1233,5,2025,1614000,https://www.ford.com.ph/showroom/trucks/ford-ranger/wildtrak/
137,Ford,Ranger,Truck,2.0L Turbo Sport 4WD AT,4WD,2.0L; 4 Cylinder,168,6-Speed; Automatic,Diesel,23.5,1233,5,2025,1624000,https://www.ford.com.ph/showroom/trucks/ford-ranger/wildtrak/
138,Ford,Ranger,Truck,2.0L Bi-Turbo Wildtrak 4WD AT,4WD,2.0L; 4 Cylinder,168,10-Speed; Automatic,Diesel,23.5,1233,5,2025,1940000,https://www.ford.com.ph/showroom/trucks/ford-ranger/wildtrak/
139,Ford,Everest,SUV,2.0L Turbo Trend,2WD,2.0L; 4 Cylinder,168,6-Speed; Automatic,Diesel,22.3,199,7,2025,1829000,https://www.ford.com.ph/showroom/suvs/ford-everest/titanium/
140,Ford,Everest,SUV,2.0L Turbo Sport,2WD,2.0L; 4 Cylinder,168,6-Speed; Automatic,Diesel,22.3,199,7,2025,2139000,https://www.ford.com.ph/showroom/suvs/ford-everest/titanium/
141,Ford,Everest,SUV,2.0L Turbo Titanium Plus,2WD,2.0L; 4 Cylinder,168,6-Speed; Automatic,Diesel,22.3,199,7,2025,2259000,https://www.ford.com.ph/showroom/suvs/ford-everest/titanium/
142,Ford,Everest,SUV,2.0L Bi-Turbo Titanium Plus,4WD,2.0L; 4 Cylinder,207,10-Speed; Automatic,Diesel,22.3,199,7,2025,2555000,https://www.ford.com.ph/showroom/suvs/ford-everest/titanium/
143,Ford,Everest,SUV,Wildtrak,2WD,2.0L; 4 Cylinder,170,6-Speed; Automatic,Diesel,22.3,199,7,2025,2439000,https://www.ford.com.ph/showroom/suvs/ford-everest/titanium/
144,Ford,Mustang Mach-E,SUV,Premium AWD Extended,AWD,Electric Motor,346,Automatic,Electric,14.5,822,5,2025,3056608,https://www.ford.com/suvs/mach-e/models/
145,Ford,Ranger,Pickup,XLT 2.2 4×2 Diesel,RWD,2.3L EcoBoost four-cylinder,158,Automatic,Diesel,23.7,1232,5,2024,1269000,https://www.ford.com.ph/showroom/trucks/ford-ranger/wildtrak/
146,Ford,Mustang Ecoboost,Coupe,2.3L EcoBoost Premium,RWD,2.3-liter turbocharged four-cylinder,315,Automatic,Gasoline,13.5,408,4,2023,3499000,https://www.ford.com.ph/showroom/performance/all-new-mustang/ecoboost/
147,Ford,Mustang GT,Coupe,5.0 V8,RWD,5.0L Coyote V8,450,Automatic,Gasoline,13.5,408,4,2015,3500000,https://www.ford.com.ph/showroom/performance/all-new-mustang/gt/
148,Mazda,Mazda 2,Hatchback,1.5L Sport,FWD,1.5L ; In-line 4,108,6-Speed; Automatic,Gasoline,14.3,220,5,2025,1250000,https://www.mazda.ph/vehicles/mazda2
149,Mazda,Mazda 3,Hatchback,2.0L Sport,FWD,2.0L; In-line 4 Cylinder,153,6-Speed; Automatic,Gasoline,13.5,334,5,2025,1510000,https://www.mazda.ph/vehicles/mazda3
150,Mazda,Mazda 3,Hatchback,2.0L HEV,FWD,2.0L; In-line 4 Cylinder,162,6-Speed; Automatic,Gasoline,13.5,334,5,2025,1790000,https://www.mazda.ph/vehicles/mazda4
151,Mazda,Mazda 3,Sedan,2.0L Sport,FWD,2.0L; In-line 4 Cylinder,153,6-Speed; Automatic,Gasoline,13.5,454,5,2025,1510000,https://www.mazda.ph/vehicles/mazda5
152,Mazda,Mazda 3,Sedan,2.0L HEV,FWD,2.0L; In-line 4 Cylinder,162,6-Speed; Automatic,Gasoline,13.5,454,5,2025,1790000,https://www.mazda.ph/vehicles/mazda6
153,Mazda,MX-5,Convertible,23 Anniversary,RWD,2.0L; In-line 4 Cylinder,181,6-Speed; Manual,Gasoline,13.5,130,2,2025,2230000,https://www.mazda.ph/vehicles/mazda-mx-5
154,Mazda,MX-5,Convertible,SkyActiv-G 2.0L MT,RWD,2.0L; In-line 4 Cylinder,181,6-Speed; Manual,Gasoline,13.5,130,2,2025,2300000,https://www.mazda.ph/vehicles/mazda-mx-6
155,Mazda,MX-5,Convertible,SkyActiv-G 2.0L AT,RWD,2.0L; In-line 4 Cylinder,181,6-Speed; Manual,Gasoline,13.5,130,2,2025,2350000,https://www.mazda.ph/vehicles/mazda-mx-7
156,Mazda,MX-5 RF,Coupe,SkyActiv-G 2.0L AT,RWD,2.0L; In-line 4 Cylinder,181,6-Speed; Automatic,Gasoline,13.5,127,2,2025,2550000,https://www.mazda.ph/vehicles/mazda-mx-8
157,Mazda,CX-3,Crossover,2.0L Sport,FWD,2.0L; In-line 4 Cylinder,148,6-Speed; Automatic,Gasoline,14.5,430,5,2025,1510000,https://www.mazda.com.au/cars/cx-3/
158,Mazda,CX-5,Crossover,2.0L 2WD Sport,FWD,2.0L; In-line 4 Cylinder,154,6-Speed; Automatic,Gasoline,18.5,872,5,2025,1950000,https://www.mazda.ph/vehicles/mazda-cx-5
159,Mazda,CX-5,Crossover,2.5L AWD Sport,AWD,2.5L; In-line 4 Cylinder,187,6-Speed; Automatic,Gasoline,19.3,872,5,2025,2050000,https://www.mazda.ph/vehicles/mazda-cx-6
160,Mazda,CX-5,Crossover,2.5L AWD Turbo,AWD,2.5L; In-line 4 Cylinder,250,6-Speed; Automatic,Gasoline,19.3,872,5,2025,2430000,https://www.mazda.ph/vehicles/mazda-cx-7
161,Mazda,CX-30,SUV,2.0L M Hybrid,FWD,2.0L; In-line 4 Cylinder,152,6-Speed; Automatic,Hybrid; Gasoline,18,430,5,2025,1995000,https://www.mazda.ph/vehicles/mazda-cx-30
162,Audi,Q8 e-tron,SUV,55 quattro,AWD,Dual Electric,402,1-speed Auto,Electric,17.2,569,5,2025,4136638,https://www.audi.ph/en/models/q8-e-tron/q8-e-tron/
163,Audi,RS E-tron GT,Sedan,RS Performance,AWD,Dual Electric,845,2-speed Auto,Electric,13,405,4,2025,5559997,https://www.audi.ph/en/models/e-tron-gt/RS-e-tron-GT/
167,Baojun,Yep Premium,Hatchback,Premium,RWD,Electric Motor,68,Automatic,Electric,15,715,4,2025,1290000,https://www.autokid.com.ph/unit/baojun-yep-ev-premium-303km/
168,BMW,iX,SUV,xDrive50,AWD,Two Electric Motors,516,Automatic,Electric,14.5,500,5,2021,4837197,https://www.bmw.com.ph/models/the-ix/
169,BMW,X5 xDrive45e PHEV,SUV,xDrive45e,AWD,3.0-liter inline-6,394,Automatic,Hybrid,19,650,5,2020,7000000,https://www.bmw.com.ph/models/the-new-x5/
171,BMW,735i Pure Excellence,Sedan,735i Pure Excellence,RWD,B58 3.0-liter turbocharged inline-six,282,Automatic,Gasoline,14,540,5,2023,8990000,https://www.autodeal.com.ph/cars/bmw/7-series/735i-pure-excellence
174,BYD,Atto 3,SUV,Premium,FWD,Magnet Synchronous Motor,201,Automatic,Electric,17.5,440,5,2023,1798000,https://bydcarsphilippines.com/vehicles/byd-atto-3-premium
175,BYD,Seal,Electric Sedan,Advanced,RWD,E-Platform 3.0,272,Automatic,Electric,15.5,510,5,2022,1998000,https://www.autodeal.com.ph/cars/byd/seal
176,BYD,eMAX 7,MPV,Superior Captain,RWD,front-mounted permanent magnet synchronous electric motor,200,Automatic,Electric,17,560,7,2025,1748000,https://bydcarsphilippines.com/vehicles/byd-emax-7-standard
177,Geely,Panda Knight,Hatchback,Standard,RWD,Electric Motor,30,Automatic,Electric,17.5,800,4,2025,845000,https://www.evestelectriccar.com/product-page/geely-panda-knight
180,Hyundai,Tucson,Crossover,2.0 CRDi GLS+,AWD,"2.4-liter inline-4, and a 1.6-liter turbocharged inline-4",186,Automatic,Diesel,18.1,513,5,2025,1570000,https://www.autodeal.com.ph/cars/hyundai/tucson
181,Kia,EV6,SUV,GT-Line AWD,AWD,Permanent Magnet Synchronous Motor,320,Automatic,Electric,17.8,480,5,2025,2707718,https://www.kia.com/ph/showroom/ev6/specification.html
182,Kia,Sonet,Crossover,1.0L Turbo EX,FWD,1.5-liter Smartstream engine,120,Automatic,Gasoline,19,392,5,2024,778000,https://www.kia.com/ph/showroom/sonet/features.html
183,Kia,Sorento Hybrid,SUV,EX+ T-GDi Hybrid,AWD,Smartstream II 1.6L Turbo Hybrid,227,Automatic,Hybrid,17.2,605,7,2025,2188000,https://www.autodeal.com.ph/cars/kia/sorento-351
184,Mercedes,EQE SUV,SUV,500 4MATIC,AWD,single electric motor,402,Automatic,Electric,18.1,520,5,2022,4331237,https://www.zigwheels.ph/new-cars/mercedes-benz/eqe-suv
185,Mercedes-Benz,A?Class Sedan,Sedan,180 Progressive,FWD,"1.3-liter four-cylinder (M282), 2.0-liter four-cylinder (M260)",136,Automatic,Gasoline,15,420,5,2019,3090000,https://www.mercedes-benz.ph/a-class-sedan/
186,Mercedes-Benz,A?Class AMG 35,Hatchback,AMG 35 4Matic,AWD,M260 2.0-liter four-cylinder turbocharged,306,Automatic,Gasoline,15,420,5,2019,5190000,https://www.mercedes-benz.ph/mercedes-amg-a-35/
187,Mercedes-Benz,GLS 350d AMG Line,SUV,350d AMG Line,AWD,3.0-liter inline-six,286,Automatic,Diesel,20.5,840,7,2020,8990000,"https://www.zigwheels.ph/new-cars/mercedes-benz/gls-class/350d-amg-line#:~:text=Mercedes%2DBenz%20GLS%2DClass%20350d%20AMG%20Line%20is%20a%207,W%20x%201823%20mm%20H."
188,MG,ZS,Crossover,Excite 1.5L,FWD,1.5L VTI-Tech NSE Plus I4,114,Automatic,Gasoline,16.5,473,5,2025,848888,https://mgmotor.com.ph/cars/mg-zs/
190,Porsche,Taycan,Sedan,Performance Plus,AWD,Electric Motor,616,Automatic,Electric,12.8,407,4,2019,5637559,https://www.porsche.com/pap/_philippines_/models/taycan/taycan-models/taycan/
191,Porsche,Cayenne 3.0L SUV,SUV,Base 3.0L,AWD,3.0-liter turbocharged V6,348,Automatic,Gasoline,19,600,5,2019,9000000,https://www.autodeal.com.ph/cars/porsche/cayenne/3-0-at-21358
192,Porsche,Cayenne S Coupe,SUV Coupe,Cayenne S,AWD,4.0-liter twin-turbo V8,468,Automatic,Gasoline,19,600,5,2020,9000000,https://www.porsche.com/pap/_philippines_/models/cayenne/cayenne-coupe-models/cayenne-coupe-s/
193,Porsche,Cayenne E-Hybrid,SUV,E?Hybrid PHEV,AWD,3.0-liter V6 turbo,300,Automatic,Hybrid,19,600,5,2014,9000000,https://www.porsche.com/pap/_philippines_/models/cayenne/cayenne-models/cayenne-e-hybrid/
194,Porsche,Cayenne Turbo E-Hybrid,SUV,Turbo E?Hybrid,AWD,4.0-liter V8 twin-turbo,739,Automatic,Hybrid,19,600,5,2023,18150000,https://www.porsche.com/pap/_philippines_/models/cayenne/cayenne-models/cayenne-turbo-e-hybrid/
195,Porsche,Panamera Turbo S E?Hybrid,Hatchback,Turbo S E?Hybrid,AWD,4.0-liter twin-turbo V8,771,Automatic,Hybrid,14,500,4,2017,13024215,https://www.porsche.com/pap/_philippines_/models/panamera/panamera-models/panamera-turbo-s-e-hybrid/
196,Subaru,BRZ EyeSight,Coupe,2.4 AT EyeSight,RWD,2.4-liter direct-injection subaru boxer,234,Automatic,Gasoline,13,220,4,2022,2719000,https://www.autodeal.com.ph/cars/subaru/brz/2-4-6at-eyesight
199,Tesla,Model Y,SUV,Long Range AWD,AWD,Dual Electric,514,1-speed Auto,Electric,16.7,2158,5,2025,2301282,https://www.tesla.com/en_ph/modely
200,Tesla,Model Y,SUV,Long Range AWD,AWD,Dual Electric,514,1-speed Auto,Electric,16.7,2158,7,2025,2301282,https://www.tesla.com/en_ph/modely
201,Volkswagen,ID.6,SUV,Long Range Pro,RWD,Electric Motor,204,Automatic,Electric,18,651,7,2025,2690000,https://www.electricvehicles.ph/volkswagen-id6/
202,Volvo,EX30,SUV,Twin Motor Performance,AWD,Dual Electric,422,1-speed Auto,Electric,16.5,318,5,2025,2557598,https://www.volvocars.com/ph/cars/ex30-electric/
